{
  "name": "light",
  "shader": "pbr",
  "albedo": [
    0.7,
    0.7,
    0.7,
    1
  ],
  "metallic": 0,
  "roughness": 0.5,
  "emissive": [
    0.9803921568627451,
    0.996078431372549,
    0.7450980392156863,
    1
  ],
  "emissiveIntensity": 1
}